parameter_name	value
init_scan	1570674.0
xmin	0.0
xmax	0.475
torsion_m	1.5268848191583884
torsion_m_err	0.04687284854812121
torsion_q	-5.227568658096113
torsion_q_err	0.05411659152906982
