parameter_name	value
init_scan	1570674.0
xmin	0.0
xmax	0.475
torsion_m	1.4504846342930633
torsion_m_err	0.057942560931624074
torsion_q	-5.2653200214132925
torsion_q_err	0.06707152191730342
