parameter_name	value
init_scan	1570674.0
xmin	0.0
xmax	0.475
torsion_m	1.5197511533852572
torsion_m_err	0.051734272638863175
torsion_q	-5.210128926862408
torsion_q_err	0.059057024717736335
