parameter_name	value
init_scan	1570674.0
xmin	0.0
xmax	0.475
torsion_m	1.51825376388558
torsion_m_err	0.05136896463408992
torsion_q	-5.210968722284717
torsion_q_err	0.05854974816208773
