parameter_name	value
init_scan	1570674.0
xmin	0.0
xmax	0.475
torsion_m	1.524704655855983
torsion_m_err	0.047232339776615735
torsion_q	-5.224827382384646
torsion_q_err	0.05453163830800996
