parameter_name	value
init_scan	1570674.0
xmin	0.0
xmax	0.475
torsion_m	1.5277633291957267
torsion_m_err	0.047251315538027416
torsion_q	-5.218431445377276
torsion_q_err	0.05455354635230893
